{
    "BALD": {
        "0.01": 0.30386176777126434,
        "0.1": 0.5379924690413279,
        "0.2": 0.6160837785207431
    }
}