{
    "CAL": {
        "0.01": 0.30854031743849925,
        "0.1": 0.5274961623564783,
        "0.2": 0.6041708209660123
    }
}