{
    "random": {
        "0.01": 0.3300178962681018,
        "0.1": 0.5058896323949587,
        "0.2": 0.5874035668971007,
        "1.0": 0.7231106422171318
    }
}