{
    "random": {
        "0.01": 0.3620172704387155,
        "0.1": 0.5649947488309035,
        "0.2": 0.6282874119768651,
        "1.0": 0.747540465671377
    },
    "least_conf": {
        "0.01": 0.3397986295586128,
        "0.1": 0.5724082249562311,
        "0.2": 0.631071272373181
    }
}