{
    "LC": {
        "0.01": 0.30324518466672157,
        "0.1": 0.4453070640986387,
        "0.2": 0.5443004784672866
    }
}