{
    "LC": {
        "0.01": 0.2715172153857635,
        "0.1": 0.5544377105967173,
        "0.2": 0.62370754828361
    }
}