{
    "MNLP": {
        "0.01": 0.30365028184774145,
        "0.1": 0.5537896556420806,
        "0.2": 0.6212453018742381
    }
}