{
    "EGL": {
        "0.01": 0.3469231816269731,
        "0.1": 0.5808840601242585,
        "0.2": 0.6276495971734664
    }
}